ELI,page_number,title,keywords,doc_title
DU/2024/1583,2,Przepisy ogólne,"księgi wieczyste i hipoteka,systemy teleinformatyczne",Obwieszczenie Ministra Sprawiedliwości z dnia 25 września 2024 r. w sprawie ogłoszenia jednolitego tekstu rozporządzenia Ministra Sprawiedliwości w sprawie zakładania i prowadzenia ksiąg wieczystych w systemie teleinformatycznym
DU/2024/1583,2,Przepisy ogólne,"księgi wieczyste i hipoteka,systemy teleinformatyczne",Obwieszczenie Ministra Sprawiedliwości z dnia 25 września 2024 r. w sprawie ogłoszenia jednolitego tekstu rozporządzenia Ministra Sprawiedliwości w sprawie zakładania i prowadzenia ksiąg wieczystych w systemie teleinformatycznym
DU/2024/1583,2,Oznaczenie i struktura księgi wieczystej,"księgi wieczyste i hipoteka,systemy teleinformatyczne",Obwieszczenie Ministra Sprawiedliwości z dnia 25 września 2024 r. w sprawie ogłoszenia jednolitego tekstu rozporządzenia Ministra Sprawiedliwości w sprawie zakładania i prowadzenia ksiąg wieczystych w systemie teleinformatycznym
DU/2024/1583,3,Oznaczenie księgi wieczystej,"księgi wieczyste i hipoteka,systemy teleinformatyczne",Obwieszczenie Ministra Sprawiedliwości z dnia 25 września 2024 r. w sprawie ogłoszenia jednolitego tekstu rozporządzenia Ministra Sprawiedliwości w sprawie zakładania i prowadzenia ksiąg wieczystych w systemie teleinformatycznym
DU/2024/1583,4,Struktura działu I księgi wieczystej,"księgi wieczyste i hipoteka,systemy teleinformatyczne",Obwieszczenie Ministra Sprawiedliwości z dnia 25 września 2024 r. w sprawie ogłoszenia jednolitego tekstu rozporządzenia Ministra Sprawiedliwości w sprawie zakładania i prowadzenia ksiąg wieczystych w systemie teleinformatycznym
DU/2024/1583,9,Struktura działu II księgi wieczystej,"księgi wieczyste i hipoteka,systemy teleinformatyczne",Obwieszczenie Ministra Sprawiedliwości z dnia 25 września 2024 r. w sprawie ogłoszenia jednolitego tekstu rozporządzenia Ministra Sprawiedliwości w sprawie zakładania i prowadzenia ksiąg wieczystych w systemie teleinformatycznym
DU/2024/1583,12,Struktura działu III księgi wieczystej,"księgi wieczyste i hipoteka,systemy teleinformatyczne",Obwieszczenie Ministra Sprawiedliwości z dnia 25 września 2024 r. w sprawie ogłoszenia jednolitego tekstu rozporządzenia Ministra Sprawiedliwości w sprawie zakładania i prowadzenia ksiąg wieczystych w systemie teleinformatycznym
DU/2024/1583,13,Struktura działu IV księgi wieczystej,"księgi wieczyste i hipoteka,systemy teleinformatyczne",Obwieszczenie Ministra Sprawiedliwości z dnia 25 września 2024 r. w sprawie ogłoszenia jednolitego tekstu rozporządzenia Ministra Sprawiedliwości w sprawie zakładania i prowadzenia ksiąg wieczystych w systemie teleinformatycznym
DU/2024/1583,15,Struktura danych o wniosku i wpisie w księdze wieczystej,"księgi wieczyste i hipoteka,systemy teleinformatyczne",Obwieszczenie Ministra Sprawiedliwości z dnia 25 września 2024 r. w sprawie ogłoszenia jednolitego tekstu rozporządzenia Ministra Sprawiedliwości w sprawie zakładania i prowadzenia ksiąg wieczystych w systemie teleinformatycznym
DU/2024/1583,15,"Struktura informacji o wniosku, podstawie wpisu i adnotacji w księdze wieczystej","księgi wieczyste i hipoteka,systemy teleinformatyczne",Obwieszczenie Ministra Sprawiedliwości z dnia 25 września 2024 r. w sprawie ogłoszenia jednolitego tekstu rozporządzenia Ministra Sprawiedliwości w sprawie zakładania i prowadzenia ksiąg wieczystych w systemie teleinformatycznym
DU/2024/1583,16,Struktura informacji o podstawie wpisu w dziale I -O księgi wieczystej,"księgi wieczyste i hipoteka,systemy teleinformatyczne",Obwieszczenie Ministra Sprawiedliwości z dnia 25 września 2024 r. w sprawie ogłoszenia jednolitego tekstu rozporządzenia Ministra Sprawiedliwości w sprawie zakładania i prowadzenia ksiąg wieczystych w systemie teleinformatycznym
DU/2024/1583,16,"Struktura informacji o podstawie wpisu w działach I -Sp, II, III i IV księgi wieczystej","księgi wieczyste i hipoteka,systemy teleinformatyczne",Obwieszczenie Ministra Sprawiedliwości z dnia 25 września 2024 r. w sprawie ogłoszenia jednolitego tekstu rozporządzenia Ministra Sprawiedliwości w sprawie zakładania i prowadzenia ksiąg wieczystych w systemie teleinformatycznym
DU/2024/1583,18,Przepisy ogólne,"księgi wieczyste i hipoteka,systemy teleinformatyczne",Obwieszczenie Ministra Sprawiedliwości z dnia 25 września 2024 r. w sprawie ogłoszenia jednolitego tekstu rozporządzenia Ministra Sprawiedliwości w sprawie zakładania i prowadzenia ksiąg wieczystych w systemie teleinformatycznym
DU/2024/1583,18,Operacje na księgach wieczystych,"księgi wieczyste i hipoteka,systemy teleinformatyczne",Obwieszczenie Ministra Sprawiedliwości z dnia 25 września 2024 r. w sprawie ogłoszenia jednolitego tekstu rozporządzenia Ministra Sprawiedliwości w sprawie zakładania i prowadzenia ksiąg wieczystych w systemie teleinformatycznym
DU/2024/1583,23,Zakładanie księgi wieczystej,"księgi wieczyste i hipoteka,systemy teleinformatyczne",Obwieszczenie Ministra Sprawiedliwości z dnia 25 września 2024 r. w sprawie ogłoszenia jednolitego tekstu rozporządzenia Ministra Sprawiedliwości w sprawie zakładania i prowadzenia ksiąg wieczystych w systemie teleinformatycznym
DU/2024/1583,25,Przyłączanie i odłączanie nieruchomości i ich części,"księgi wieczyste i hipoteka,systemy teleinformatyczne",Obwieszczenie Ministra Sprawiedliwości z dnia 25 września 2024 r. w sprawie ogłoszenia jednolitego tekstu rozporządzenia Ministra Sprawiedliwości w sprawie zakładania i prowadzenia ksiąg wieczystych w systemie teleinformatycznym
DU/2024/1583,26,Zmiana oznaczenia księgi wieczystej,"księgi wieczyste i hipoteka,systemy teleinformatyczne",Obwieszczenie Ministra Sprawiedliwości z dnia 25 września 2024 r. w sprawie ogłoszenia jednolitego tekstu rozporządzenia Ministra Sprawiedliwości w sprawie zakładania i prowadzenia ksiąg wieczystych w systemie teleinformatycznym
DU/2024/1583,27,Zamykanie księgi wieczystej,"księgi wieczyste i hipoteka,systemy teleinformatyczne",Obwieszczenie Ministra Sprawiedliwości z dnia 25 września 2024 r. w sprawie ogłoszenia jednolitego tekstu rozporządzenia Ministra Sprawiedliwości w sprawie zakładania i prowadzenia ksiąg wieczystych w systemie teleinformatycznym
DU/2024/1583,28,Przepisy przejściowe i końcowe,"księgi wieczyste i hipoteka,systemy teleinformatyczne",Obwieszczenie Ministra Sprawiedliwości z dnia 25 września 2024 r. w sprawie ogłoszenia jednolitego tekstu rozporządzenia Ministra Sprawiedliwości w sprawie zakładania i prowadzenia ksiąg wieczystych w systemie teleinformatycznym
